player_name,game_type,games_count,rating_2_0,ACS,KDRatio,KAST_pct,ADR,total_kills,total_deaths,total_assists,total_first_kills,total_first_deaths
TenZ,Regular Season,190,1.1488590604026847,246.60106382978722,1.4044285714285716,72.90604026845638,152.34682080924856,18.084656084656086,14.46031746031746,5.978835978835979,3.473404255319149,2.61271676300578
TenZ,Playoffs,233,1.1220666666666668,257.75,1.3666652360515021,73.96,154.7058823529412,18.802575107296136,15.072961373390559,6.128755364806867,3.7844827586206895,2.656862745098039
chronicle,Regular Season,137,1.156412213740458,217.45985401459853,1.3292554744525549,76.19847328244275,143.04379562043795,15.408759124087592,12.934306569343066,7.416058394160584,1.9197080291970803,1.6204379562043796
chronicle,Playoffs,299,1.1348130841121495,220.5351170568562,1.3109130434782608,74.69626168224299,142.29473684210527,16.180602006688964,13.752508361204013,6.826086956521739,2.140468227424749,1.817543859649123
