player_name,game_type,games_count,rating_2_0,ACS,KDRatio,KAST_pct,ADR,total_kills,total_deaths,total_assists,total_first_kills,total_first_deaths
TenZ,Regular Season,56,1.104857142857143,229.75,1.2818363636363637,68.4,142.6530612244898,17.160714285714285,14.535714285714286,4.464285714285714,2.9642857142857144,2.1020408163265305
TenZ,Playoffs,253,1.0862658227848103,235.13888888888889,1.257765873015873,73.11392405063292,143.49065420560748,17.25296442687747,14.988142292490119,6.213438735177865,3.0833333333333335,2.4813084112149535
Boaster,Regular Season,30,0.9346666666666666,179.63333333333333,0.9974666666666667,72.63333333333334,116.46666666666667,13.233333333333333,14.033333333333333,7.533333333333333,1.5,2.1
Boaster,Playoffs,252,0.90155,172.0159362549801,0.9194801587301588,71.15,110.06451612903226,12.472222222222221,14.523809523809524,7.996031746031746,1.7091633466135459,2.221774193548387
