player_name,game_type,games_count,rating_2_0,ACS,KDRatio,KAST_pct,ADR,total_kills,total_deaths,total_assists,total_first_kills,total_first_deaths
TenZ,Regular Season,80,1.07,223.13636363636363,1.2818363636363637,68.34146341463415,139.80701754385964,16.545454545454547,14.348484848484848,4.409090909090909,2.772727272727273,2.0350877192982457
TenZ,Playoffs,275,1.0881761006289308,233.2051282051282,1.257765873015873,73.11320754716981,143.70434782608694,17.156934306569344,14.733576642335766,6.029197080291971,3.029304029304029,2.491304347826087
Boaster,Regular Season,60,0.957894736842105,163.08333333333334,0.9974666666666666,72.84210526315789,113.15555555555555,12.0,12.6875,7.3125,1.3333333333333333,1.9111111111111112
Boaster,Playoffs,261,0.9016336633663367,172.5968992248062,0.9194801587301588,71.07425742574257,110.49411764705883,12.532818532818533,14.54054054054054,7.9652509652509655,1.7325581395348837,2.223529411764706
