player_name,game_type,games_count,rating_2_0,ACS,KDRatio,KAST_pct,ADR,total_kills,total_deaths,total_assists,total_first_kills,total_first_deaths
N4RRATE,Regular Season,114,1.1677192982456142,234.87719298245614,1.2689210526315788,74.12280701754386,153.42105263157896,17.18421052631579,14.56140350877193,6.62280701754386,2.754385964912281,2.026315789473684
N4RRATE,Playoffs,58,1.0329310344827585,208.8793103448276,1.0338620689655171,74.84482758620689,137.98275862068965,15.120689655172415,15.344827586206897,7.862068965517241,1.7758620689655173,1.7413793103448276
FiNESSE,Regular Season,212,0.8729530201342284,172.46666666666667,0.9882452830188679,70.74496644295301,113.41326530612245,12.193396226415095,14.0,5.863207547169812,1.361904761904762,1.5051020408163265
FiNESSE,Playoffs,267,0.8489570552147239,177.625468164794,0.9586891385767792,68.95705521472392,116.22310756972112,12.749063670411985,14.576779026217228,5.397003745318352,1.449438202247191,1.7171314741035857
